cruise_agent,cruise_job_duration,cruise_job_id,cruise_job_result,cruise_pipeline_counter,cruise_pipeline_label,cruise_stage_counter,cruise_timestamp_01_scheduled,cruise_timestamp_06_completed,cruise_timestamp_02_assigned,cruise_timestamp_03_preparing,cruise_timestamp_04_building,cruise_timestamp_05_completing,tests_failed_count,tests_ignored_count,tests_total_count,tests_total_duration
d77245350,25,10,Passed,2,3.2,1,2010-05-27T18:36:45+10:00,2010-05-27T18:37:24+10:00,2010-05-27T18:36:55+10:00,2010-05-27T18:36:55+10:00,2010-05-27T18:36:59+10:00,2010-05-27T18:37:23+10:00,0,0,542,8.392
d77245350,31,36,Passed,3,3.3,1,2010-05-27T20:12:12+10:00,2010-05-27T20:12:56+10:00,2010-05-27T20:12:22+10:00,2010-05-27T20:12:22+10:00,2010-05-27T20:12:25+10:00,2010-05-27T20:12:55+10:00,0,0,542,9.862
d77245350,31,39,Passed,4,3.4,1,2010-05-27T20:46:15+10:00,2010-05-27T20:46:59+10:00,2010-05-27T20:46:25+10:00,2010-05-27T20:46:25+10:00,2010-05-27T20:46:28+10:00,2010-05-27T20:46:58+10:00,0,0,542,11.088
d77245350,29,47,Passed,5,3.5,1,2010-05-28T10:00:27+10:00,2010-05-28T10:01:09+10:00,2010-05-28T10:00:37+10:00,2010-05-28T10:00:37+10:00,2010-05-28T10:00:40+10:00,2010-05-28T10:01:08+10:00,0,0,542,9.522
d77245350,32,56,Passed,6,3.6,1,2010-05-28T13:49:58+10:00,2010-05-28T13:50:44+10:00,2010-05-28T13:50:08+10:00,2010-05-28T13:50:09+10:00,2010-05-28T13:50:12+10:00,2010-05-28T13:50:41+10:00,0,0,542,9.050
d77245350,33,71,Passed,7,3.7,1,2010-05-31T09:38:58+10:00,2010-05-31T09:39:44+10:00,2010-05-31T09:39:08+10:00,2010-05-31T09:39:08+10:00,2010-05-31T09:39:11+10:00,2010-05-31T09:39:40+10:00,0,0,542,9.982
d77245350,28,76,Passed,8,3.8,1,2010-05-31T11:02:22+10:00,2010-05-31T11:03:04+10:00,2010-05-31T11:02:32+10:00,2010-05-31T11:02:32+10:00,2010-05-31T11:02:36+10:00,2010-05-31T11:03:03+10:00,0,0,542,9.542
d77245350,37,83,Passed,9,3.9,1,2010-05-31T14:17:59+10:00,2010-05-31T14:18:49+10:00,2010-05-31T14:18:09+10:00,2010-05-31T14:18:09+10:00,2010-05-31T14:18:12+10:00,2010-05-31T14:18:41+10:00,0,0,542,10.600
d77245350,25,88,Passed,10,3.10,1,2010-05-31T15:04:10+10:00,2010-05-31T15:04:48+10:00,2010-05-31T15:04:20+10:00,2010-05-31T15:04:20+10:00,2010-05-31T15:04:23+10:00,2010-05-31T15:04:47+10:00,0,0,542,8.020
d77245350,25,93,Passed,11,3.11,1,2010-05-31T16:38:20+10:00,2010-05-31T16:38:58+10:00,2010-05-31T16:38:30+10:00,2010-05-31T16:38:30+10:00,2010-05-31T16:38:33+10:00,2010-05-31T16:38:57+10:00,0,0,542,8.004
d77245350,30,99,Passed,12,3.12,1,2010-05-31T18:54:32+10:00,2010-05-31T18:55:16+10:00,2010-05-31T18:54:42+10:00,2010-05-31T18:54:42+10:00,2010-05-31T18:54:46+10:00,2010-05-31T18:55:13+10:00,0,0,542,8.738
d77245350,25,104,Passed,13,3.13,1,2010-06-01T10:06:28+10:00,2010-06-01T10:07:06+10:00,2010-06-01T10:06:38+10:00,2010-06-01T10:06:38+10:00,2010-06-01T10:06:41+10:00,2010-06-01T10:07:05+10:00,0,0,542,9.250
d77245350,32,111,Passed,15,3.15,1,2010-06-01T13:26:51+10:00,2010-06-01T13:27:37+10:00,2010-06-01T13:27:01+10:00,2010-06-01T13:27:01+10:00,2010-06-01T13:27:05+10:00,2010-06-01T13:27:33+10:00,0,0,542,10.300
d77245350,29,116,Passed,16,3.16,1,2010-06-01T18:39:21+10:00,2010-06-01T18:40:04+10:00,2010-06-01T18:39:31+10:00,2010-06-01T18:39:31+10:00,2010-06-01T18:39:35+10:00,2010-06-01T18:40:03+10:00,0,0,542,8.848
d77245350,27,122,Passed,17,3.17,1,2010-06-01T23:22:18+10:00,2010-06-01T23:23:02+10:00,2010-06-01T23:22:28+10:00,2010-06-01T23:22:28+10:00,2010-06-01T23:22:35+10:00,2010-06-01T23:23:00+10:00,0,0,542,9.110
d77245350,29,126,Passed,18,3.18,1,2010-06-01T23:48:23+10:00,2010-06-01T23:49:05+10:00,2010-06-01T23:48:33+10:00,2010-06-01T23:48:33+10:00,2010-06-01T23:48:36+10:00,2010-06-01T23:49:01+10:00,0,0,542,9.064
d77245350,30,131,Passed,19,3.19,1,2010-06-02T00:48:18+10:00,2010-06-02T00:49:01+10:00,2010-06-02T00:48:28+10:00,2010-06-02T00:48:28+10:00,2010-06-02T00:48:31+10:00,2010-06-02T00:48:57+10:00,0,0,542,9.066
d77245350,25,138,Passed,20,3.20,1,2010-06-02T10:44:25+10:00,2010-06-02T10:45:05+10:00,2010-06-02T10:44:35+10:00,2010-06-02T10:44:35+10:00,2010-06-02T10:44:39+10:00,2010-06-02T10:45:03+10:00,0,0,542,7.166
d77245350,29,143,Passed,21,3.21,1,2010-06-02T11:36:53+10:00,2010-06-02T11:37:36+10:00,2010-06-02T11:37:03+10:00,2010-06-02T11:37:03+10:00,2010-06-02T11:37:07+10:00,2010-06-02T11:37:36+10:00,0,0,542,9.576
d77245350,29,148,Passed,22,3.22,1,2010-06-02T12:29:49+10:00,2010-06-02T12:30:31+10:00,2010-06-02T12:29:59+10:00,2010-06-02T12:29:59+10:00,2010-06-02T12:30:02+10:00,2010-06-02T12:30:30+10:00,0,0,542,8.070
d77245350,33,155,Passed,23,3.23,1,2010-06-02T13:52:16+10:00,2010-06-02T13:57:40+10:00,2010-06-02T13:56:56+10:00,2010-06-02T13:56:56+10:00,2010-06-02T13:57:07+10:00,2010-06-02T13:57:39+10:00,0,0,542,9.986
d77245350,27,162,Passed,24,3.24,1,2010-06-02T14:53:46+10:00,2010-06-02T14:58:51+10:00,2010-06-02T14:58:18+10:00,2010-06-02T14:58:18+10:00,2010-06-02T14:58:24+10:00,2010-06-02T14:58:50+10:00,0,0,542,8.134
d77245350,26,165,Passed,25,3.25,1,2010-06-02T14:59:06+10:00,2010-06-02T15:02:44+10:00,2010-06-02T15:02:13+10:00,2010-06-02T15:02:13+10:00,2010-06-02T15:02:17+10:00,2010-06-02T15:02:43+10:00,0,0,542,11.262
d77245350,26,169,Passed,26,3.26,1,2010-06-02T15:02:59+10:00,2010-06-02T15:09:15+10:00,2010-06-02T15:08:43+10:00,2010-06-02T15:08:44+10:00,2010-06-02T15:08:49+10:00,2010-06-02T15:09:14+10:00,0,0,542,8.140
d77245350,35,174,Passed,27,3.27,1,2010-06-02T15:09:31+10:00,2010-06-02T16:00:54+10:00,2010-06-02T16:00:15+10:00,2010-06-02T16:00:15+10:00,2010-06-02T16:00:19+10:00,2010-06-02T16:00:53+10:00,0,0,542,9.544
d77245350,25,183,Passed,29,3.29,1,2010-06-02T16:48:46+10:00,2010-06-02T16:50:05+10:00,2010-06-02T16:49:36+10:00,2010-06-02T16:49:36+10:00,2010-06-02T16:49:40+10:00,2010-06-02T16:50:05+10:00,0,0,542,8.672
d77245350,27,191,Passed,30,3.30,1,2010-06-02T18:47:41+10:00,2010-06-02T18:48:21+10:00,2010-06-02T18:47:51+10:00,2010-06-02T18:47:51+10:00,2010-06-02T18:47:54+10:00,2010-06-02T18:48:20+10:00,0,0,542,7.762
d77245350,26,196,Passed,31,3.31,1,2010-06-03T09:12:41+10:00,2010-06-03T09:13:21+10:00,2010-06-03T09:12:51+10:00,2010-06-03T09:12:51+10:00,2010-06-03T09:12:55+10:00,2010-06-03T09:13:20+10:00,0,0,542,8.412
d77245350,27,201,Passed,32,3.32,1,2010-06-03T11:25:41+10:00,2010-06-03T11:26:22+10:00,2010-06-03T11:25:51+10:00,2010-06-03T11:25:51+10:00,2010-06-03T11:25:55+10:00,2010-06-03T11:26:20+10:00,0,0,542,7.896
d77245350,25,204,Passed,33,3.33,1,2010-06-03T11:26:48+10:00,2010-06-03T11:31:19+10:00,2010-06-03T11:30:50+10:00,2010-06-03T11:30:50+10:00,2010-06-03T11:30:54+10:00,2010-06-03T11:31:18+10:00,0,0,542,8.424
d77245350,26,213,Passed,34,3.34,1,2010-06-03T12:24:42+10:00,2010-06-03T12:25:21+10:00,2010-06-03T12:24:52+10:00,2010-06-03T12:24:52+10:00,2010-06-03T12:24:55+10:00,2010-06-03T12:25:19+10:00,0,0,542,8.344
d77245350,29,224,Passed,35,3.35,1,2010-06-03T15:40:53+10:00,2010-06-03T15:41:35+10:00,2010-06-03T15:41:03+10:00,2010-06-03T15:41:03+10:00,2010-06-03T15:41:06+10:00,2010-06-03T15:41:32+10:00,0,0,542,9.480
d77245350,30,231,Passed,37,3.37,1,2010-06-03T16:07:02+10:00,2010-06-03T16:07:45+10:00,2010-06-03T16:07:12+10:00,2010-06-03T16:07:12+10:00,2010-06-03T16:07:15+10:00,2010-06-03T16:07:44+10:00,0,0,542,8.750
d77245350,25,236,Passed,38,3.38,1,2010-06-03T16:30:02+10:00,2010-06-03T16:30:40+10:00,2010-06-03T16:30:12+10:00,2010-06-03T16:30:12+10:00,2010-06-03T16:30:15+10:00,2010-06-03T16:30:39+10:00,0,0,542,8.606
d77245350,36,242,Passed,39,3.39,1,2010-06-03T18:05:37+10:00,2010-06-03T18:06:26+10:00,2010-06-03T18:05:47+10:00,2010-06-03T18:05:47+10:00,2010-06-03T18:05:50+10:00,2010-06-03T18:06:24+10:00,0,0,542,10.504
d77245350,29,248,Passed,40,3.40,1,2010-06-04T09:09:04+10:00,2010-06-04T09:09:48+10:00,2010-06-04T09:09:14+10:00,2010-06-04T09:09:14+10:00,2010-06-04T09:09:18+10:00,2010-06-04T09:09:46+10:00,0,0,542,10.030
d77245350,35,254,Passed,41,3.41,1,2010-06-04T10:36:06+10:00,2010-06-04T10:36:54+10:00,2010-06-04T10:36:16+10:00,2010-06-04T10:36:16+10:00,2010-06-04T10:36:19+10:00,2010-06-04T10:36:52+10:00,0,0,542,10.080
d77245350,32,261,Passed,42,3.42,1,2010-06-04T11:42:00+10:00,2010-06-04T11:42:46+10:00,2010-06-04T11:42:10+10:00,2010-06-04T11:42:10+10:00,2010-06-04T11:42:14+10:00,2010-06-04T11:42:42+10:00,0,0,542,9.744
d77245350,25,265,Passed,43,3.43,1,2010-06-04T11:47:31+10:00,2010-06-04T11:50:34+10:00,2010-06-04T11:50:05+10:00,2010-06-04T11:50:05+10:00,2010-06-04T11:50:09+10:00,2010-06-04T11:50:33+10:00,0,0,542,8.412
d77245350,33,269,Passed,44,3.44,1,2010-06-04T11:50:50+10:00,2010-06-04T12:24:13+10:00,2010-06-04T12:23:36+10:00,2010-06-04T12:23:36+10:00,2010-06-04T12:23:39+10:00,2010-06-04T12:24:09+10:00,0,0,542,9.806
d77245350,32,292,Passed,47,3.47,1,2010-06-04T15:19:57+10:00,2010-06-04T15:21:14+10:00,2010-06-04T15:20:39+10:00,2010-06-04T15:20:39+10:00,2010-06-04T15:20:42+10:00,2010-06-04T15:21:11+10:00,0,0,542,11.116
d77245350,38,302,Passed,48,3.48,1,2010-06-04T16:51:09+10:00,2010-06-04T16:52:01+10:00,2010-06-04T16:51:19+10:00,2010-06-04T16:51:19+10:00,2010-06-04T16:51:23+10:00,2010-06-04T16:51:56+10:00,0,0,542,10.190
d77245350,38,310,Passed,49,3.49,1,2010-06-07T10:01:38+10:00,2010-06-07T10:02:29+10:00,2010-06-07T10:01:48+10:00,2010-06-07T10:01:48+10:00,2010-06-07T10:01:51+10:00,2010-06-07T10:02:24+10:00,0,0,542,9.860
d77245350,30,344,Passed,50,3.50,1,2010-06-07T11:58:09+10:00,2010-06-07T12:07:37+10:00,2010-06-07T12:07:03+10:00,2010-06-07T12:07:03+10:00,2010-06-07T12:07:07+10:00,2010-06-07T12:07:36+10:00,0,0,542,10.498
d77245350,33,348,Passed,51,3.51,1,2010-06-07T12:12:04+10:00,2010-06-07T12:15:36+10:00,2010-06-07T12:14:48+10:00,2010-06-07T12:14:48+10:00,2010-06-07T12:15:02+10:00,2010-06-07T12:15:34+10:00,0,0,542,8.782
d77245350,32,356,Passed,52,3.52,1,2010-06-07T14:36:05+10:00,2010-06-07T14:43:47+10:00,2010-06-07T14:43:11+10:00,2010-06-07T14:43:11+10:00,2010-06-07T14:43:15+10:00,2010-06-07T14:43:45+10:00,0,0,542,12.948
d77245350,35,364,Passed,53,3.53,1,2010-06-07T15:45:30+10:00,2010-06-07T15:46:19+10:00,2010-06-07T15:45:40+10:00,2010-06-07T15:45:40+10:00,2010-06-07T15:45:44+10:00,2010-06-07T15:46:16+10:00,0,0,542,9.848
d77245350,30,380,Passed,54,3.54,1,2010-06-07T17:59:54+10:00,2010-06-07T18:00:39+10:00,2010-06-07T18:00:04+10:00,2010-06-07T18:00:04+10:00,2010-06-07T18:00:08+10:00,2010-06-07T18:00:38+10:00,0,0,542,15.958
d77245350,28,384,Passed,55,3.55,1,2010-06-07T18:05:21+10:00,2010-06-07T18:08:25+10:00,2010-06-07T18:07:54+10:00,2010-06-07T18:07:54+10:00,2010-06-07T18:07:57+10:00,2010-06-07T18:08:21+10:00,0,0,542,8.214
d77245350,36,391,Passed,56,3.56,1,2010-06-08T11:29:27+10:00,2010-06-08T11:30:17+10:00,2010-06-08T11:29:37+10:00,2010-06-08T11:29:38+10:00,2010-06-08T11:29:41+10:00,2010-06-08T11:30:09+10:00,0,0,542,10.010
d77245350,26,394,Passed,57,3.57,1,2010-06-08T11:35:04+10:00,2010-06-08T11:35:44+10:00,2010-06-08T11:35:14+10:00,2010-06-08T11:35:14+10:00,2010-06-08T11:35:18+10:00,2010-06-08T11:35:42+10:00,0,0,542,7.406
d77245350,35,401,Passed,58,3.58,1,2010-06-08T13:15:39+10:00,2010-06-08T13:16:27+10:00,2010-06-08T13:15:49+10:00,2010-06-08T13:15:49+10:00,2010-06-08T13:15:52+10:00,2010-06-08T13:16:26+10:00,0,0,542,10.122
d77245350,31,419,Passed,59,3.59,1,2010-06-08T16:48:43+10:00,2010-06-08T16:49:29+10:00,2010-06-08T16:48:53+10:00,2010-06-08T16:48:53+10:00,2010-06-08T16:48:58+10:00,2010-06-08T16:49:26+10:00,0,0,542,9.964
d77245350,50,426,Passed,60,3.60,1,2010-06-08T17:15:05+10:00,2010-06-08T17:48:35+10:00,2010-06-08T17:47:04+10:00,2010-06-08T17:47:04+10:00,2010-06-08T17:47:44+10:00,2010-06-08T17:48:28+10:00,0,0,542,10.754
d77245350,32,448,Passed,61,3.61,1,2010-06-09T10:23:54+10:00,2010-06-09T10:24:39+10:00,2010-06-09T10:24:04+10:00,2010-06-09T10:24:04+10:00,2010-06-09T10:24:07+10:00,2010-06-09T10:24:38+10:00,0,0,542,8.772
d77245350,35,453,Passed,62,3.62,1,2010-06-09T11:11:09+10:00,2010-06-09T11:11:58+10:00,2010-06-09T11:11:19+10:00,2010-06-09T11:11:19+10:00,2010-06-09T11:11:23+10:00,2010-06-09T11:11:53+10:00,0,0,542,10.574
d77245350,30,457,Passed,63,3.63,1,2010-06-09T11:16:39+10:00,2010-06-09T11:19:53+10:00,2010-06-09T11:19:18+10:00,2010-06-09T11:19:18+10:00,2010-06-09T11:19:23+10:00,2010-06-09T11:19:47+10:00,0,0,542,7.878
d77245350,30,472,Passed,64,3.64,1,2010-06-09T13:13:13+10:00,2010-06-09T13:13:56+10:00,2010-06-09T13:13:23+10:00,2010-06-09T13:13:23+10:00,2010-06-09T13:13:26+10:00,2010-06-09T13:13:54+10:00,0,0,542,9.664
d77245350,53,475,Passed,65,3.65,1,2010-06-09T13:14:14+10:00,2010-06-09T13:20:08+10:00,2010-06-09T13:18:36+10:00,2010-06-09T13:18:36+10:00,2010-06-09T13:19:15+10:00,2010-06-09T13:20:02+10:00,0,0,542,7.614
d77245350,28,495,Passed,67,3.67,1,2010-06-09T15:21:31+10:00,2010-06-09T15:22:12+10:00,2010-06-09T15:21:41+10:00,2010-06-09T15:21:41+10:00,2010-06-09T15:21:44+10:00,2010-06-09T15:22:11+10:00,0,0,542,9.050
d77245350,35,504,Passed,68,3.68,1,2010-06-09T17:27:16+10:00,2010-06-09T17:28:05+10:00,2010-06-09T17:27:26+10:00,2010-06-09T17:27:26+10:00,2010-06-09T17:27:30+10:00,2010-06-09T17:28:01+10:00,0,0,542,10.224
d77245350,35,511,Passed,69,3.69,1,2010-06-09T18:23:30+10:00,2010-06-09T18:24:20+10:00,2010-06-09T18:23:40+10:00,2010-06-09T18:23:41+10:00,2010-06-09T18:23:44+10:00,2010-06-09T18:24:17+10:00,0,0,542,9.898
d77245350,51,517,Passed,71,3.71,1,2010-06-09T19:37:06+10:00,2010-06-09T19:38:11+10:00,2010-06-09T19:37:16+10:00,2010-06-09T19:37:16+10:00,2010-06-09T19:37:20+10:00,2010-06-09T19:37:53+10:00,0,0,542,16.090
d77245350,26,521,Passed,72,3.72,1,2010-06-09T19:42:50+10:00,2010-06-09T19:45:50+10:00,2010-06-09T19:45:19+10:00,2010-06-09T19:45:20+10:00,2010-06-09T19:45:24+10:00,2010-06-09T19:45:49+10:00,0,0,542,8.338
d77245350,34,528,Passed,73,3.73,1,2010-06-09T23:12:29+10:00,2010-06-09T23:13:18+10:00,2010-06-09T23:12:39+10:00,2010-06-09T23:12:39+10:00,2010-06-09T23:12:43+10:00,2010-06-09T23:13:11+10:00,0,0,542,10.092
d77245350,33,533,Passed,74,3.74,1,2010-06-10T09:20:52+10:00,2010-06-10T09:21:38+10:00,2010-06-10T09:21:02+10:00,2010-06-10T09:21:02+10:00,2010-06-10T09:21:05+10:00,2010-06-10T09:21:36+10:00,0,0,542,11.510
d77245350,30,544,Passed,75,3.75,1,2010-06-10T11:07:35+10:00,2010-06-10T11:08:19+10:00,2010-06-10T11:07:45+10:00,2010-06-10T11:07:45+10:00,2010-06-10T11:07:49+10:00,2010-06-10T11:08:18+10:00,0,0,542,10.768
d77245350,26,548,Passed,76,3.76,1,2010-06-10T11:12:56+10:00,2010-06-10T11:15:56+10:00,2010-06-10T11:15:27+10:00,2010-06-10T11:15:27+10:00,2010-06-10T11:15:30+10:00,2010-06-10T11:15:55+10:00,0,0,542,9.008
d77245350,31,557,Passed,77,3.77,1,2010-06-10T13:43:21+10:00,2010-06-10T13:51:13+10:00,2010-06-10T13:50:38+10:00,2010-06-10T13:50:38+10:00,2010-06-10T13:50:42+10:00,2010-06-10T13:51:11+10:00,0,0,542,9.958
d77245350,33,568,Passed,79,3.79,1,2010-06-10T15:11:49+10:00,2010-06-10T15:14:36+10:00,2010-06-10T15:14:00+10:00,2010-06-10T15:14:00+10:00,2010-06-10T15:14:03+10:00,2010-06-10T15:14:34+10:00,0,0,542,11.516
d77245350,25,574,Passed,80,3.80,1,2010-06-10T15:39:49+10:00,2010-06-10T15:40:29+10:00,2010-06-10T15:39:59+10:00,2010-06-10T15:39:59+10:00,2010-06-10T15:40:03+10:00,2010-06-10T15:40:27+10:00,0,0,542,8.258
d77245350,33,584,Passed,81,3.81,1,2010-06-11T10:51:45+10:00,2010-06-11T10:52:31+10:00,2010-06-11T10:51:55+10:00,2010-06-11T10:51:55+10:00,2010-06-11T10:51:58+10:00,2010-06-11T10:52:29+10:00,0,0,542,9.968
d77245350,33,604,Passed,82,3.82,1,2010-06-15T11:39:30+10:00,2010-06-15T11:40:16+10:00,2010-06-15T11:39:40+10:00,2010-06-15T11:39:40+10:00,2010-06-15T11:39:43+10:00,2010-06-15T11:40:11+10:00,0,0,542,10.112
d77245350,27,638,Passed,83,3.83,1,2010-06-15T16:35:40+10:00,2010-06-15T16:36:20+10:00,2010-06-15T16:35:50+10:00,2010-06-15T16:35:50+10:00,2010-06-15T16:35:53+10:00,2010-06-15T16:36:19+10:00,0,0,542,8.760
d77245350,31,652,Passed,84,3.84,1,2010-06-16T09:43:43+10:00,2010-06-16T09:44:28+10:00,2010-06-16T09:43:53+10:00,2010-06-16T09:43:53+10:00,2010-06-16T09:43:57+10:00,2010-06-16T09:44:26+10:00,0,0,542,9.850
d77245350,33,663,Passed,85,3.85,1,2010-06-16T18:35:48+10:00,2010-06-16T18:36:34+10:00,2010-06-16T18:35:58+10:00,2010-06-16T18:35:58+10:00,2010-06-16T18:36:01+10:00,2010-06-16T18:36:33+10:00,0,0,542,9.978
d77245350,36,668,Passed,86,3.86,1,2010-06-17T09:41:25+10:00,2010-06-17T09:42:16+10:00,2010-06-17T09:41:35+10:00,2010-06-17T09:41:35+10:00,2010-06-17T09:41:39+10:00,2010-06-17T09:42:13+10:00,0,0,542,10.050
d77245350,31,682,Passed,87,3.87,1,2010-06-17T14:40:43+10:00,2010-06-17T14:41:27+10:00,2010-06-17T14:40:53+10:00,2010-06-17T14:40:53+10:00,2010-06-17T14:40:56+10:00,2010-06-17T14:41:25+10:00,0,0,542,10.836
d77245350,30,689,Passed,88,3.88,1,2010-06-17T16:41:12+10:00,2010-06-17T16:41:56+10:00,2010-06-17T16:41:22+10:00,2010-06-17T16:41:22+10:00,2010-06-17T16:41:26+10:00,2010-06-17T16:41:55+10:00,0,0,542,9.680
d77245350,32,729,Passed,89,3.89,1,2010-06-18T14:41:29+10:00,2010-06-18T14:42:14+10:00,2010-06-18T14:41:39+10:00,2010-06-18T14:41:39+10:00,2010-06-18T14:41:42+10:00,2010-06-18T14:42:13+10:00,0,0,542,9.108
d77245350,29,740,Passed,91,3.91,1,2010-06-18T16:13:15+10:00,2010-06-18T16:13:58+10:00,2010-06-18T16:13:25+10:00,2010-06-18T16:13:25+10:00,2010-06-18T16:13:28+10:00,2010-06-18T16:13:56+10:00,0,0,542,10.324
d77245350,29,755,Passed,92,3.92,1,2010-06-21T11:43:31+10:00,2010-06-21T11:44:15+10:00,2010-06-21T11:43:41+10:00,2010-06-21T11:43:41+10:00,2010-06-21T11:43:45+10:00,2010-06-21T11:44:12+10:00,0,0,542,10.750
d77245350,30,764,Passed,93,3.93,1,2010-06-21T14:15:04+10:00,2010-06-21T14:15:48+10:00,2010-06-21T14:15:14+10:00,2010-06-21T14:15:14+10:00,2010-06-21T14:15:18+10:00,2010-06-21T14:15:47+10:00,0,0,542,14.350
d77245350,29,776,Cancelled,94,3.94,1,2010-06-21T16:01:17+10:00,2010-06-21T16:02:00+10:00,2010-06-21T16:01:27+10:00,2010-06-21T16:01:27+10:00,2010-06-21T16:01:30+10:00,,,,,
d77245350,24,778,Passed,95,3.95,1,2010-06-21T16:02:17+10:00,2010-06-21T16:02:56+10:00,2010-06-21T16:02:27+10:00,2010-06-21T16:02:27+10:00,2010-06-21T16:02:32+10:00,2010-06-21T16:02:55+10:00,0,0,542,7.988
d77245350,27,789,Passed,96,3.96,1,2010-06-22T10:21:20+10:00,2010-06-22T10:22:00+10:00,2010-06-22T10:21:30+10:00,2010-06-22T10:21:30+10:00,2010-06-22T10:21:33+10:00,2010-06-22T10:22:00+10:00,0,0,542,7.232
d77245350,25,794,Passed,97,3.97,1,2010-06-22T11:48:08+10:00,2010-06-22T11:48:48+10:00,2010-06-22T11:48:18+10:00,2010-06-22T11:48:18+10:00,2010-06-22T11:48:23+10:00,2010-06-22T11:48:47+10:00,0,0,542,7.154
d77245350,34,803,Passed,98,3.98,1,2010-06-22T16:21:49+10:00,2010-06-22T16:22:37+10:00,2010-06-22T16:21:59+10:00,2010-06-22T16:21:59+10:00,2010-06-22T16:22:03+10:00,2010-06-22T16:22:35+10:00,0,0,542,9.310
d77245350,35,808,Passed,99,3.99,1,2010-06-22T16:29:46+10:00,2010-06-22T16:59:05+10:00,2010-06-22T16:57:43+10:00,2010-06-22T16:57:43+10:00,2010-06-22T16:58:29+10:00,2010-06-22T16:59:03+10:00,0,0,542,8.888
d77245350,28,812,Passed,100,3.100,1,2010-06-22T16:59:20+10:00,2010-06-22T17:19:27+10:00,2010-06-22T17:18:55+10:00,2010-06-22T17:18:55+10:00,2010-06-22T17:18:59+10:00,2010-06-22T17:19:26+10:00,0,0,542,8.332
d77245350,34,827,Passed,101,3.101,1,2010-06-23T11:02:56+10:00,2010-06-23T11:33:12+10:00,2010-06-23T11:32:35+10:00,2010-06-23T11:32:35+10:00,2010-06-23T11:32:38+10:00,2010-06-23T11:33:10+10:00,0,0,542,10.102
d77245350,28,831,Passed,102,3.102,1,2010-06-23T11:33:28+10:00,2010-06-23T11:52:01+10:00,2010-06-23T11:51:30+10:00,2010-06-23T11:51:30+10:00,2010-06-23T11:51:33+10:00,2010-06-23T11:52:00+10:00,0,0,542,8.054
d77245350,25,835,Passed,103,3.103,1,2010-06-23T11:52:18+10:00,2010-06-23T11:58:48+10:00,2010-06-23T11:58:19+10:00,2010-06-23T11:58:19+10:00,2010-06-23T11:58:23+10:00,2010-06-23T11:58:47+10:00,0,0,542,8.786
d77245350,39,843,Passed,104,3.104,1,2010-06-23T13:35:21+10:00,2010-06-23T13:36:16+10:00,2010-06-23T13:35:32+10:00,2010-06-23T13:35:32+10:00,2010-06-23T13:35:36+10:00,2010-06-23T13:36:11+10:00,0,0,542,14.400
d77245350,34,856,Passed,105,3.105,1,2010-06-23T16:42:23+10:00,2010-06-23T17:12:10+10:00,2010-06-23T17:11:32+10:00,2010-06-23T17:11:32+10:00,2010-06-23T17:11:36+10:00,2010-06-23T17:12:07+10:00,0,0,542,9.272
d77245350,32,866,Passed,106,3.106,1,2010-06-24T08:10:52+10:00,2010-06-24T08:11:37+10:00,2010-06-24T08:11:02+10:00,2010-06-24T08:11:02+10:00,2010-06-24T08:11:05+10:00,2010-06-24T08:11:35+10:00,0,0,542,8.804
d77245350,29,875,Passed,107,3.107,1,2010-06-24T11:41:39+10:00,2010-06-24T11:42:27+10:00,2010-06-24T11:41:49+10:00,2010-06-24T11:41:49+10:00,2010-06-24T11:41:58+10:00,2010-06-24T11:42:25+10:00,0,0,542,10.106
d77245350,32,882,Passed,108,3.108,1,2010-06-24T13:12:41+10:00,2010-06-24T13:27:18+10:00,2010-06-24T13:26:41+10:00,2010-06-24T13:26:41+10:00,2010-06-24T13:26:46+10:00,2010-06-24T13:27:17+10:00,0,0,542,9.774
d77245350,40,889,Passed,109,3.109,1,2010-06-24T15:36:01+10:00,2010-06-24T15:36:55+10:00,2010-06-24T15:36:11+10:00,2010-06-24T15:36:11+10:00,2010-06-24T15:36:15+10:00,2010-06-24T15:36:53+10:00,0,0,542,9.810
d77245350,36,895,Passed,110,3.110,1,2010-06-24T16:24:17+10:00,2010-06-24T16:25:07+10:00,2010-06-24T16:24:27+10:00,2010-06-24T16:24:27+10:00,2010-06-24T16:24:31+10:00,2010-06-24T16:25:02+10:00,0,0,542,9.478
d77245350,32,902,Passed,111,3.111,1,2010-06-24T17:16:28+10:00,2010-06-24T17:31:09+10:00,2010-06-24T17:30:33+10:00,2010-06-24T17:30:33+10:00,2010-06-24T17:30:36+10:00,2010-06-24T17:31:07+10:00,0,0,542,9.030
d77245350,29,909,Passed,112,3.112,1,2010-06-25T11:12:47+10:00,2010-06-25T11:13:30+10:00,2010-06-25T11:12:57+10:00,2010-06-25T11:12:57+10:00,2010-06-25T11:13:01+10:00,2010-06-25T11:13:28+10:00,0,0,542,10.004
d77245350,25,912,Passed,113,3.113,1,2010-06-25T13:25:04+10:00,2010-06-25T13:25:43+10:00,2010-06-25T13:25:14+10:00,2010-06-25T13:25:14+10:00,2010-06-25T13:25:18+10:00,2010-06-25T13:25:42+10:00,0,0,542,8.072
d77245350,32,922,Passed,114,3.114,1,2010-06-25T15:54:40+10:00,2010-06-25T15:55:25+10:00,2010-06-25T15:54:50+10:00,2010-06-25T15:54:50+10:00,2010-06-25T15:54:53+10:00,2010-06-25T15:55:23+10:00,0,0,542,9.704
d77245350,32,927,Passed,115,3.115,1,2010-06-25T16:47:46+10:00,2010-06-25T16:48:32+10:00,2010-06-25T16:47:56+10:00,2010-06-25T16:47:56+10:00,2010-06-25T16:48:00+10:00,2010-06-25T16:48:29+10:00,0,0,542,12.514
d77245350,33,939,Passed,116,3.116,1,2010-06-28T10:44:11+10:00,2010-06-28T10:58:36+10:00,2010-06-28T10:57:59+10:00,2010-06-28T10:57:59+10:00,2010-06-28T10:58:03+10:00,2010-06-28T10:58:35+10:00,0,0,542,8.854
d77245350,26,953,Passed,117,3.117,1,2010-06-28T13:05:28+10:00,2010-06-28T13:06:09+10:00,2010-06-28T13:05:38+10:00,2010-06-28T13:05:38+10:00,2010-06-28T13:05:43+10:00,2010-06-28T13:06:08+10:00,0,0,542,8.054
d77245350,36,965,Passed,118,3.118,1,2010-06-28T14:24:36+10:00,2010-06-28T14:25:27+10:00,2010-06-28T14:24:46+10:00,2010-06-28T14:24:47+10:00,2010-06-28T14:24:50+10:00,2010-06-28T14:25:23+10:00,0,0,542,8.576
d77245350,30,976,Passed,119,3.119,1,2010-06-28T15:47:18+10:00,2010-06-28T15:49:04+10:00,2010-06-28T15:48:30+10:00,2010-06-28T15:48:30+10:00,2010-06-28T15:48:34+10:00,2010-06-28T15:49:02+10:00,0,0,542,9.570
d77245350,26,979,Passed,120,3.120,1,2010-06-28T16:38:11+10:00,2010-06-28T16:38:50+10:00,2010-06-28T16:38:21+10:00,2010-06-28T16:38:21+10:00,2010-06-28T16:38:24+10:00,2010-06-28T16:38:48+10:00,0,0,542,7.776
d77245350,25,982,Passed,121,3.121,1,2010-06-28T16:46:07+10:00,2010-06-28T16:46:46+10:00,2010-06-28T16:46:17+10:00,2010-06-28T16:46:17+10:00,2010-06-28T16:46:21+10:00,2010-06-28T16:46:45+10:00,0,0,542,7.786
d77245350,25,985,Passed,122,3.122,1,2010-06-28T16:49:03+10:00,2010-06-28T16:49:41+10:00,2010-06-28T16:49:13+10:00,2010-06-28T16:49:13+10:00,2010-06-28T16:49:16+10:00,2010-06-28T16:49:40+10:00,0,0,542,10.728
d77245350,23,988,Passed,123,3.123,1,2010-06-28T16:53:43+10:00,2010-06-28T16:54:20+10:00,2010-06-28T16:53:53+10:00,2010-06-28T16:53:53+10:00,2010-06-28T16:53:57+10:00,2010-06-28T16:54:19+10:00,0,0,542,7.348
d77245350,29,1003,Passed,124,3.124,1,2010-06-29T10:34:05+10:00,2010-06-29T10:34:49+10:00,2010-06-29T10:34:15+10:00,2010-06-29T10:34:15+10:00,2010-06-29T10:34:19+10:00,2010-06-29T10:34:47+10:00,0,0,542,9.800
d77245350,25,1010,Passed,125,3.125,1,2010-06-29T11:38:11+10:00,2010-06-29T11:38:49+10:00,2010-06-29T11:38:21+10:00,2010-06-29T11:38:21+10:00,2010-06-29T11:38:24+10:00,2010-06-29T11:38:48+10:00,0,0,542,7.888
d77245350,29,1021,Passed,126,3.126,1,2010-06-29T14:34:35+10:00,2010-06-29T14:35:18+10:00,2010-06-29T14:34:45+10:00,2010-06-29T14:34:45+10:00,2010-06-29T14:34:49+10:00,2010-06-29T14:35:16+10:00,0,0,542,9.370
d77245350,26,1046,Passed,127,3.127,1,2010-06-29T17:22:21+10:00,2010-06-29T17:23:00+10:00,2010-06-29T17:22:31+10:00,2010-06-29T17:22:31+10:00,2010-06-29T17:22:34+10:00,2010-06-29T17:23:00+10:00,0,0,542,9.372
d77245350,30,1109,Passed,128,3.128,1,2010-07-02T09:19:37+10:00,2010-07-02T09:20:21+10:00,2010-07-02T09:19:47+10:00,2010-07-02T09:19:47+10:00,2010-07-02T09:19:50+10:00,2010-07-02T09:20:19+10:00,0,0,542,8.792
d77245350,32,1138,Passed,129,3.129,1,2010-07-05T11:14:31+10:00,2010-07-05T11:15:17+10:00,2010-07-05T11:14:41+10:00,2010-07-05T11:14:41+10:00,2010-07-05T11:14:45+10:00,2010-07-05T11:15:12+10:00,0,0,542,10.168
d77245350,29,1168,Passed,130,3.130,1,2010-07-06T11:41:55+10:00,2010-07-06T11:42:38+10:00,2010-07-06T11:42:05+10:00,2010-07-06T11:42:05+10:00,2010-07-06T11:42:09+10:00,2010-07-06T11:42:37+10:00,0,0,542,9.208
d77245350,40,1174,Passed,131,3.131,1,2010-07-06T13:53:38+10:00,2010-07-06T13:54:33+10:00,2010-07-06T13:53:48+10:00,2010-07-06T13:53:48+10:00,2010-07-06T13:53:53+10:00,2010-07-06T13:54:30+10:00,0,0,542,9.432
d77245350,32,1183,Passed,132,3.132,1,2010-07-06T15:31:46+10:00,2010-07-06T15:32:32+10:00,2010-07-06T15:31:56+10:00,2010-07-06T15:31:56+10:00,2010-07-06T15:32:00+10:00,2010-07-06T15:32:30+10:00,0,0,542,8.692
d77245350,38,1193,Passed,133,3.133,1,2010-07-06T16:19:35+10:00,2010-07-06T16:26:28+10:00,2010-07-06T16:25:47+10:00,2010-07-06T16:25:47+10:00,2010-07-06T16:25:50+10:00,2010-07-06T16:26:24+10:00,0,0,542,21.736
d77245350,33,1205,Passed,134,3.134,1,2010-07-07T09:21:22+10:00,2010-07-07T09:22:08+10:00,2010-07-07T09:21:32+10:00,2010-07-07T09:21:32+10:00,2010-07-07T09:21:35+10:00,2010-07-07T09:22:07+10:00,0,0,542,9.648
d77245350,35,1230,Passed,135,3.135,1,2010-07-07T13:44:38+10:00,2010-07-07T13:45:26+10:00,2010-07-07T13:44:48+10:00,2010-07-07T13:44:48+10:00,2010-07-07T13:44:51+10:00,2010-07-07T13:45:18+10:00,0,0,542,9.128
d77245350,37,1254,Passed,136,3.136,1,2010-07-07T16:20:42+10:00,2010-07-07T16:21:38+10:00,2010-07-07T16:20:58+10:00,2010-07-07T16:20:58+10:00,2010-07-07T16:21:01+10:00,2010-07-07T16:21:35+10:00,0,0,542,10.412
d77245350,30,1261,Passed,137,3.137,1,2010-07-07T16:46:40+10:00,2010-07-07T16:49:29+10:00,2010-07-07T16:48:52+10:00,2010-07-07T16:48:52+10:00,2010-07-07T16:48:59+10:00,2010-07-07T16:49:26+10:00,0,0,542,9.558
d77245350,39,1273,Passed,138,3.138,1,2010-07-08T11:07:15+10:00,2010-07-08T11:08:08+10:00,2010-07-08T11:07:25+10:00,2010-07-08T11:07:25+10:00,2010-07-08T11:07:29+10:00,2010-07-08T11:08:03+10:00,0,0,542,9.110
d77245350,36,1704,Passed,139,3.139,1,2010-07-08T15:41:11+10:00,2010-07-08T15:42:01+10:00,2010-07-08T15:41:21+10:00,2010-07-08T15:41:21+10:00,2010-07-08T15:41:25+10:00,2010-07-08T15:41:56+10:00,0,0,542,10.136
d77245350,24,1707,Passed,140,3.140,1,2010-07-08T15:42:17+10:00,2010-07-08T15:46:36+10:00,2010-07-08T15:46:08+10:00,2010-07-08T15:46:08+10:00,2010-07-08T15:46:12+10:00,2010-07-08T15:46:35+10:00,0,0,542,7.978
d77245350,35,1728,Passed,141,3.141,1,2010-07-09T11:26:03+10:00,2010-07-09T11:26:52+10:00,2010-07-09T11:26:13+10:00,2010-07-09T11:26:13+10:00,2010-07-09T11:26:17+10:00,2010-07-09T11:26:51+10:00,0,0,542,11.542
d77245350,34,1736,Passed,142,3.142,1,2010-07-09T12:46:54+10:00,2010-07-09T12:47:41+10:00,2010-07-09T12:47:04+10:00,2010-07-09T12:47:04+10:00,2010-07-09T12:47:07+10:00,2010-07-09T12:47:40+10:00,0,0,542,9.382
d77245350,57,1747,Passed,143,3.143,1,2010-07-09T14:27:37+10:00,2010-07-09T14:28:48+10:00,2010-07-09T14:27:47+10:00,2010-07-09T14:27:47+10:00,2010-07-09T14:27:51+10:00,2010-07-09T14:28:45+10:00,0,0,542,13.598
d77245350,33,1753,Passed,144,3.144,1,2010-07-09T15:03:00+10:00,2010-07-09T15:07:21+10:00,2010-07-09T15:06:43+10:00,2010-07-09T15:06:43+10:00,2010-07-09T15:06:47+10:00,2010-07-09T15:07:18+10:00,0,0,542,17.740
d77245350,27,1758,Passed,145,3.145,1,2010-07-09T15:07:38+10:00,2010-07-09T15:16:33+10:00,2010-07-09T15:16:02+10:00,2010-07-09T15:16:02+10:00,2010-07-09T15:16:06+10:00,2010-07-09T15:16:30+10:00,0,0,542,8.360
d77245350,35,1767,Passed,146,3.146,1,2010-07-09T15:54:59+10:00,2010-07-09T16:02:21+10:00,2010-07-09T16:01:41+10:00,2010-07-09T16:01:41+10:00,2010-07-09T16:01:45+10:00,2010-07-09T16:02:13+10:00,0,0,542,8.912
d77245350,31,1791,Passed,148,3.148,1,2010-07-12T11:27:57+10:00,2010-07-12T11:28:42+10:00,2010-07-12T11:28:07+10:00,2010-07-12T11:28:07+10:00,2010-07-12T11:28:11+10:00,2010-07-12T11:28:38+10:00,0,0,542,9.040
d77245350,36,1802,Passed,149,3.149,1,2010-07-12T16:26:27+10:00,2010-07-12T16:27:17+10:00,2010-07-12T16:26:37+10:00,2010-07-12T16:26:37+10:00,2010-07-12T16:26:41+10:00,2010-07-12T16:27:15+10:00,0,0,542,14.778
d77245350,28,1811,Passed,150,3.150,1,2010-07-12T17:14:11+10:00,2010-07-12T17:18:24+10:00,2010-07-12T17:17:51+10:00,2010-07-12T17:17:51+10:00,2010-07-12T17:17:55+10:00,2010-07-12T17:18:21+10:00,0,0,542,9.274
d77245350,40,1821,Passed,151,3.151,1,2010-07-12T18:01:35+10:00,2010-07-12T19:28:02+10:00,2010-07-12T19:27:18+10:00,2010-07-12T19:27:18+10:00,2010-07-12T19:27:22+10:00,2010-07-12T19:27:57+10:00,0,0,542,8.648
d77245350,37,1828,Passed,152,3.152,1,2010-07-13T09:26:29+10:00,2010-07-13T09:31:05+10:00,2010-07-13T09:30:24+10:00,2010-07-13T09:30:24+10:00,2010-07-13T09:30:28+10:00,2010-07-13T09:31:03+10:00,0,0,542,8.670
d77245350,38,1838,Passed,153,3.153,1,2010-07-13T12:17:40+10:00,2010-07-13T12:18:32+10:00,2010-07-13T12:17:51+10:00,2010-07-13T12:17:51+10:00,2010-07-13T12:17:54+10:00,2010-07-13T12:18:30+10:00,0,0,542,9.516
d77245350,36,1843,Passed,154,3.154,1,2010-07-13T12:51:18+10:00,2010-07-13T12:52:08+10:00,2010-07-13T12:51:28+10:00,2010-07-13T12:51:28+10:00,2010-07-13T12:51:32+10:00,2010-07-13T12:52:04+10:00,0,0,542,10.030
d77245350,35,1854,Passed,155,3.155,1,2010-07-13T15:24:02+10:00,2010-07-13T15:24:51+10:00,2010-07-13T15:24:12+10:00,2010-07-13T15:24:12+10:00,2010-07-13T15:24:16+10:00,2010-07-13T15:24:47+10:00,0,0,542,10.068
d77245350,37,1881,Passed,156,3.156,1,2010-07-14T10:38:27+10:00,2010-07-14T10:39:18+10:00,2010-07-14T10:38:37+10:00,2010-07-14T10:38:37+10:00,2010-07-14T10:38:41+10:00,2010-07-14T10:39:16+10:00,0,0,542,9.592
d77245350,34,1886,Passed,157,3.157,1,2010-07-14T11:37:38+10:00,2010-07-14T11:38:27+10:00,2010-07-14T11:37:48+10:00,2010-07-14T11:37:48+10:00,2010-07-14T11:37:53+10:00,2010-07-14T11:38:25+10:00,0,0,542,8.840
d77245350,41,1891,Passed,158,3.158,1,2010-07-14T12:14:00+10:00,2010-07-14T12:14:55+10:00,2010-07-14T12:14:10+10:00,2010-07-14T12:14:10+10:00,2010-07-14T12:14:14+10:00,2010-07-14T12:14:49+10:00,0,0,542,9.670
d77245350,25,1894,Passed,159,3.159,1,2010-07-14T12:49:50+10:00,2010-07-14T12:50:29+10:00,2010-07-14T12:50:00+10:00,2010-07-14T12:50:00+10:00,2010-07-14T12:50:04+10:00,2010-07-14T12:50:28+10:00,0,0,542,8.004
d77245350,32,1904,Passed,160,3.160,1,2010-07-14T13:39:41+10:00,2010-07-14T13:46:16+10:00,2010-07-14T13:45:41+10:00,2010-07-14T13:45:41+10:00,2010-07-14T13:45:44+10:00,2010-07-14T13:46:14+10:00,0,0,542,10.192
d77245350,37,1920,Passed,161,3.161,1,2010-07-14T14:59:15+10:00,2010-07-14T15:03:51+10:00,2010-07-14T15:03:09+10:00,2010-07-14T15:03:10+10:00,2010-07-14T15:03:14+10:00,2010-07-14T15:03:47+10:00,0,0,542,8.934
d77245350,27,1923,Passed,162,3.162,1,2010-07-14T15:04:06+10:00,2010-07-14T15:08:33+10:00,2010-07-14T15:08:03+10:00,2010-07-14T15:08:03+10:00,2010-07-14T15:08:06+10:00,2010-07-14T15:08:31+10:00,0,0,542,7.488
d77245350,38,1950,Passed,163,3.163,1,2010-07-15T09:22:43+10:00,2010-07-15T09:23:36+10:00,2010-07-15T09:22:53+10:00,2010-07-15T09:22:53+10:00,2010-07-15T09:22:57+10:00,2010-07-15T09:23:32+10:00,0,0,542,9.318
d77245350,36,1955,Passed,164,3.164,1,2010-07-15T10:28:38+10:00,2010-07-15T10:29:29+10:00,2010-07-15T10:28:48+10:00,2010-07-15T10:28:48+10:00,2010-07-15T10:28:53+10:00,2010-07-15T10:29:26+10:00,0,0,542,9.682
d77245350,25,1958,Passed,165,3.165,1,2010-07-15T10:29:45+10:00,2010-07-15T10:33:50+10:00,2010-07-15T10:33:21+10:00,2010-07-15T10:33:21+10:00,2010-07-15T10:33:25+10:00,2010-07-15T10:33:49+10:00,0,0,542,7.352
d77245350,31,1981,Passed,166,3.166,1,2010-07-15T13:02:56+10:00,2010-07-15T13:03:41+10:00,2010-07-15T13:03:06+10:00,2010-07-15T13:03:06+10:00,2010-07-15T13:03:10+10:00,2010-07-15T13:03:39+10:00,0,0,542,9.774
d77245350,33,2013,Passed,167,3.167,1,2010-07-15T15:58:21+10:00,2010-07-15T15:59:08+10:00,2010-07-15T15:58:31+10:00,2010-07-15T15:58:31+10:00,2010-07-15T15:58:35+10:00,2010-07-15T15:59:01+10:00,0,0,542,8.272
d77245350,25,2018,Passed,168,3.168,1,2010-07-15T16:23:16+10:00,2010-07-15T16:23:54+10:00,2010-07-15T16:23:26+10:00,2010-07-15T16:23:26+10:00,2010-07-15T16:23:29+10:00,2010-07-15T16:23:53+10:00,0,0,542,7.282
d77245350,25,2023,Passed,169,3.169,1,2010-07-15T16:57:18+10:00,2010-07-15T16:58:00+10:00,2010-07-15T16:57:28+10:00,2010-07-15T16:57:28+10:00,2010-07-15T16:57:35+10:00,2010-07-15T16:57:59+10:00,0,0,542,7.438
d77245350,38,2062,Passed,170,3.170,1,2010-07-16T11:30:24+10:00,2010-07-16T11:33:39+10:00,2010-07-16T11:32:57+10:00,2010-07-16T11:32:57+10:00,2010-07-16T11:33:01+10:00,2010-07-16T11:33:35+10:00,0,0,542,9.810
d77245350,31,2103,Passed,171,3.171,1,2010-07-16T16:25:29+10:00,2010-07-16T16:29:03+10:00,2010-07-16T16:28:28+10:00,2010-07-16T16:28:28+10:00,2010-07-16T16:28:32+10:00,2010-07-16T16:29:00+10:00,0,0,542,9.126
d77245350,38,2127,Passed,172,3.172,1,2010-07-19T09:42:41+10:00,2010-07-19T09:43:34+10:00,2010-07-19T09:42:51+10:00,2010-07-19T09:42:51+10:00,2010-07-19T09:42:55+10:00,2010-07-19T09:43:29+10:00,0,0,542,11.152
d77245350,26,2130,Passed,173,3.173,1,2010-07-19T09:43:51+10:00,2010-07-19T09:47:48+10:00,2010-07-19T09:47:18+10:00,2010-07-19T09:47:18+10:00,2010-07-19T09:47:21+10:00,2010-07-19T09:47:45+10:00,0,0,542,6.932
d77245350,26,2134,Passed,174,3.174,1,2010-07-19T09:48:04+10:00,2010-07-19T09:54:16+10:00,2010-07-19T09:53:46+10:00,2010-07-19T09:53:46+10:00,2010-07-19T09:53:50+10:00,2010-07-19T09:54:14+10:00,0,0,542,7.406
d77245350,52,2144,Passed,175,3.175,1,2010-07-19T11:06:18+10:00,2010-07-19T11:41:49+10:00,2010-07-19T11:40:11+10:00,2010-07-19T11:40:12+10:00,2010-07-19T11:40:57+10:00,2010-07-19T11:41:41+10:00,0,0,542,11.346
d77245350,25,2148,Passed,176,3.176,1,2010-07-19T11:44:35+10:00,2010-07-19T11:48:56+10:00,2010-07-19T11:48:28+10:00,2010-07-19T11:48:28+10:00,2010-07-19T11:48:31+10:00,2010-07-19T11:48:54+10:00,0,0,542,7.972
d77245350,27,2187,Passed,177,3.177,1,2010-07-19T16:57:04+10:00,2010-07-19T17:01:30+10:00,2010-07-19T17:00:59+10:00,2010-07-19T17:00:59+10:00,2010-07-19T17:01:03+10:00,2010-07-19T17:01:28+10:00,0,0,542,8.736
d77245350,29,2193,Passed,178,3.178,1,2010-07-19T17:14:59+10:00,2010-07-19T17:15:42+10:00,2010-07-19T17:15:09+10:00,2010-07-19T17:15:09+10:00,2010-07-19T17:15:13+10:00,2010-07-19T17:15:41+10:00,0,0,542,8.382
d77245350,29,2201,Passed,179,3.179,1,2010-07-20T09:05:35+10:00,2010-07-20T09:06:21+10:00,2010-07-20T09:05:45+10:00,2010-07-20T09:05:45+10:00,2010-07-20T09:05:52+10:00,2010-07-20T09:06:19+10:00,0,0,542,10.148
d77245350,32,2226,Passed,180,3.180,1,2010-07-20T12:07:36+10:00,2010-07-20T12:08:21+10:00,2010-07-20T12:07:46+10:00,2010-07-20T12:07:46+10:00,2010-07-20T12:07:49+10:00,2010-07-20T12:08:19+10:00,0,0,542,8.704
d77245350,34,2234,Passed,181,3.181,1,2010-07-20T14:10:00+10:00,2010-07-20T14:10:48+10:00,2010-07-20T14:10:10+10:00,2010-07-20T14:10:10+10:00,2010-07-20T14:10:14+10:00,2010-07-20T14:10:46+10:00,0,0,542,9.834
d77245350,32,2287,Passed,182,3.182,1,2010-07-22T14:40:48+10:00,2010-07-22T14:41:34+10:00,2010-07-22T14:40:58+10:00,2010-07-22T14:40:58+10:00,2010-07-22T14:41:02+10:00,2010-07-22T14:41:30+10:00,0,0,542,9.684
d77245350,29,2295,Passed,183,3.183,1,2010-07-22T16:49:38+10:00,2010-07-22T16:50:21+10:00,2010-07-22T16:49:48+10:00,2010-07-22T16:49:48+10:00,2010-07-22T16:49:52+10:00,2010-07-22T16:50:19+10:00,0,0,542,8.580
d77245350,31,2315,Passed,184,3.184,1,2010-07-23T13:53:52+10:00,2010-07-23T13:54:37+10:00,2010-07-23T13:54:02+10:00,2010-07-23T13:54:02+10:00,2010-07-23T13:54:06+10:00,2010-07-23T13:54:34+10:00,0,0,542,9.642
d77245350,54,2333,Passed,185,3.185,1,2010-07-23T16:00:18+10:00,2010-07-23T16:01:29+10:00,2010-07-23T16:00:28+10:00,2010-07-23T16:00:28+10:00,2010-07-23T16:00:35+10:00,2010-07-23T16:01:02+10:00,0,0,542,9.800
d77245350,35,2378,Passed,186,3.186,1,2010-07-26T16:28:11+10:00,2010-07-26T16:29:01+10:00,2010-07-26T16:28:21+10:00,2010-07-26T16:28:22+10:00,2010-07-26T16:28:26+10:00,2010-07-26T16:28:55+10:00,0,0,542,11.012
d77245350,25,2383,Passed,187,3.187,1,2010-07-26T16:52:15+10:00,2010-07-26T16:52:56+10:00,2010-07-26T16:52:25+10:00,2010-07-26T16:52:25+10:00,2010-07-26T16:52:31+10:00,2010-07-26T16:52:55+10:00,0,0,542,7.354
d77245350,34,2389,Passed,188,3.188,1,2010-07-27T10:04:12+10:00,2010-07-27T10:05:01+10:00,2010-07-27T10:04:22+10:00,2010-07-27T10:04:23+10:00,2010-07-27T10:04:27+10:00,2010-07-27T10:04:54+10:00,0,0,542,9.980
d77245350,32,2405,Passed,189,3.189,2,2010-07-27T13:18:27+10:00,2010-07-27T13:19:09+10:00,2010-07-27T13:18:32+10:00,2010-07-27T13:18:32+10:00,2010-07-27T13:18:37+10:00,2010-07-27T13:19:05+10:00,0,0,542,9.936
d77245350,31,2420,Passed,191,3.191,1,2010-07-27T14:23:05+10:00,2010-07-27T14:23:53+10:00,2010-07-27T14:23:15+10:00,2010-07-27T14:23:15+10:00,2010-07-27T14:23:22+10:00,2010-07-27T14:23:50+10:00,0,0,542,10.126
d77245350,34,2428,Passed,192,3.192,1,2010-07-27T16:13:04+10:00,2010-07-27T16:13:53+10:00,2010-07-27T16:13:14+10:00,2010-07-27T16:13:14+10:00,2010-07-27T16:13:18+10:00,2010-07-27T16:13:50+10:00,0,0,542,10.080
d77245350,34,2438,Passed,193,3.193,1,2010-07-27T16:58:20+10:00,2010-07-27T17:04:58+10:00,2010-07-27T17:04:20+10:00,2010-07-27T17:04:20+10:00,2010-07-27T17:04:24+10:00,2010-07-27T17:04:54+10:00,0,0,542,9.042
d77245350,31,2448,Passed,194,3.194,1,2010-07-27T17:53:31+10:00,2010-07-27T18:00:04+10:00,2010-07-27T17:59:29+10:00,2010-07-27T17:59:29+10:00,2010-07-27T17:59:33+10:00,2010-07-27T18:00:00+10:00,0,0,542,9.662
d77245350,33,2454,Passed,195,3.195,1,2010-07-28T10:15:33+10:00,2010-07-28T10:16:21+10:00,2010-07-28T10:15:44+10:00,2010-07-28T10:15:44+10:00,2010-07-28T10:15:48+10:00,2010-07-28T10:16:19+10:00,0,0,542,9.930
d77245350,57,2462,Passed,196,3.196,1,2010-07-28T10:31:56+10:00,2010-07-28T11:14:32+10:00,2010-07-28T11:12:25+10:00,2010-07-28T11:12:26+10:00,2010-07-28T11:13:35+10:00,2010-07-28T11:14:24+10:00,0,0,542,8.324
d77245350,38,2518,Passed,197,3.197,1,2010-07-29T11:49:33+10:00,2010-07-29T11:50:25+10:00,2010-07-29T11:49:43+10:00,2010-07-29T11:49:43+10:00,2010-07-29T11:49:47+10:00,2010-07-29T11:50:22+10:00,0,0,542,9.166
swannwebtest.auiag.corp,49,2523,Passed,198,3.198,1,2010-07-29T12:53:00+10:00,2010-07-29T12:54:13+10:00,2010-07-29T12:53:10+10:00,2010-07-29T12:53:10+10:00,2010-07-29T12:53:24+10:00,2010-07-29T12:54:09+10:00,0,0,542,14.678
d77245350,34,2531,Passed,199,3.199,1,2010-07-29T15:43:21+10:00,2010-07-29T15:44:10+10:00,2010-07-29T15:43:31+10:00,2010-07-29T15:43:31+10:00,2010-07-29T15:43:36+10:00,2010-07-29T15:44:07+10:00,0,0,542,10.328
swannwebtest.auiag.corp,46,2539,Passed,200,3.200,1,2010-07-29T17:01:00+10:00,2010-07-29T17:02:09+10:00,2010-07-29T17:01:10+10:00,2010-07-29T17:01:10+10:00,2010-07-29T17:01:22+10:00,2010-07-29T17:02:06+10:00,0,0,542,13.996
swannwebtest.auiag.corp,43,2546,Passed,201,3.201,1,2010-07-30T10:30:03+10:00,2010-07-30T10:31:12+10:00,2010-07-30T10:30:13+10:00,2010-07-30T10:30:13+10:00,2010-07-30T10:30:28+10:00,2010-07-30T10:31:09+10:00,0,0,542,14.168
d77245350,34,2552,Passed,202,3.202,1,2010-08-02T10:20:22+10:00,2010-08-02T10:21:10+10:00,2010-08-02T10:20:28+10:00,2010-08-02T10:20:28+10:00,2010-08-02T10:20:36+10:00,2010-08-02T10:21:08+10:00,0,0,542,9.226
d77245350,44,2557,Passed,203,3.203,1,2010-08-02T11:24:03+10:00,2010-08-02T11:25:36+10:00,2010-08-02T11:24:06+10:00,2010-08-02T11:24:06+10:00,2010-08-02T11:24:52+10:00,2010-08-02T11:25:34+10:00,0,0,542,17.516
swannwebtest.auiag.corp,46,2562,Passed,204,3.204,1,2010-08-02T12:30:04+10:00,2010-08-02T12:31:14+10:00,2010-08-02T12:30:14+10:00,2010-08-02T12:30:14+10:00,2010-08-02T12:30:28+10:00,2010-08-02T12:31:12+10:00,0,0,542,14.582
swannwebtest.auiag.corp,46,2573,Passed,205,3.205,1,2010-08-03T09:45:58+10:00,2010-08-03T09:47:08+10:00,2010-08-03T09:46:08+10:00,2010-08-03T09:46:08+10:00,2010-08-03T09:46:22+10:00,2010-08-03T09:47:05+10:00,0,0,542,14.588
swannwebtest.auiag.corp,43,2581,Passed,206,3.206,1,2010-08-03T11:01:55+10:00,2010-08-03T11:03:02+10:00,2010-08-03T11:02:05+10:00,2010-08-03T11:02:05+10:00,2010-08-03T11:02:18+10:00,2010-08-03T11:03:00+10:00,0,0,542,13.904
swannwebtest.auiag.corp,50,2592,Passed,207,3.207,1,2010-08-04T14:14:00+10:00,2010-08-04T14:15:16+10:00,2010-08-04T14:14:06+10:00,2010-08-04T14:14:06+10:00,2010-08-04T14:14:25+10:00,2010-08-04T14:15:14+10:00,0,0,542,15.006
swannwebtest.auiag.corp,43,2601,Passed,208,3.208,1,2010-08-04T16:45:00+10:00,2010-08-04T16:46:09+10:00,2010-08-04T16:45:10+10:00,2010-08-04T16:45:10+10:00,2010-08-04T16:45:25+10:00,2010-08-04T16:46:07+10:00,0,0,542,14.246
d77245350,40,2606,Passed,209,3.209,1,2010-08-04T17:01:32+10:00,2010-08-04T17:02:26+10:00,2010-08-04T17:01:42+10:00,2010-08-04T17:01:42+10:00,2010-08-04T17:01:46+10:00,2010-08-04T17:02:20+10:00,0,0,542,12.492
swannwebtest.auiag.corp,45,2617,Passed,210,3.210,1,2010-08-05T11:13:06+10:00,2010-08-05T11:14:16+10:00,2010-08-05T11:13:16+10:00,2010-08-05T11:13:16+10:00,2010-08-05T11:13:31+10:00,2010-08-05T11:14:14+10:00,0,0,542,14.994
swannwebtest.auiag.corp,42,2620,Passed,211,3.211,1,2010-08-05T12:50:00+10:00,2010-08-05T12:51:06+10:00,2010-08-05T12:50:10+10:00,2010-08-05T12:50:10+10:00,2010-08-05T12:50:23+10:00,2010-08-05T12:51:04+10:00,0,0,542,13.728
d77245350,28,2626,Passed,212,3.212,1,2010-08-05T14:43:39+10:00,2010-08-05T14:44:25+10:00,2010-08-05T14:43:49+10:00,2010-08-05T14:43:49+10:00,2010-08-05T14:43:57+10:00,2010-08-05T14:44:24+10:00,0,0,542,8.878
swannwebtest.auiag.corp,43,2633,Passed,213,3.213,1,2010-08-05T15:33:03+10:00,2010-08-05T15:34:12+10:00,2010-08-05T15:33:13+10:00,2010-08-05T15:33:13+10:00,2010-08-05T15:33:28+10:00,2010-08-05T15:34:10+10:00,0,0,542,14.378
swannwebtest.auiag.corp,55,2638,Passed,214,3.214,1,2010-08-05T16:30:57+10:00,2010-08-05T16:32:16+10:00,2010-08-05T16:31:07+10:00,2010-08-05T16:31:07+10:00,2010-08-05T16:31:21+10:00,2010-08-05T16:32:04+10:00,0,0,542,14.252
swannwebtest.auiag.corp,51,2644,Passed,215,3.215,1,2010-08-05T17:42:04+10:00,2010-08-05T17:43:53+10:00,2010-08-05T17:42:46+10:00,2010-08-05T17:42:46+10:00,2010-08-05T17:43:02+10:00,2010-08-05T17:43:44+10:00,0,0,542,14.462
swannwebtest.auiag.corp,48,2658,Passed,216,3.216,1,2010-08-06T13:17:03+10:00,2010-08-06T13:18:15+10:00,2010-08-06T13:17:13+10:00,2010-08-06T13:17:13+10:00,2010-08-06T13:17:27+10:00,2010-08-06T13:18:12+10:00,0,0,542,15.582
swannwebtest.auiag.corp,42,2677,Passed,217,3.217,1,2010-08-06T16:48:59+10:00,2010-08-06T16:50:05+10:00,2010-08-06T16:49:09+10:00,2010-08-06T16:49:09+10:00,2010-08-06T16:49:22+10:00,2010-08-06T16:50:02+10:00,0,0,542,13.680
swannwebtest.auiag.corp,49,2690,Passed,218,3.218,1,2010-08-09T11:52:41+10:00,2010-08-09T11:53:56+10:00,2010-08-09T11:52:43+10:00,2010-08-09T11:52:43+10:00,2010-08-09T11:53:07+10:00,2010-08-09T11:53:54+10:00,0,0,542,14.300
swannwebtest.auiag.corp,44,2696,Passed,220,3.220,1,2010-08-09T17:25:51+10:00,2010-08-09T17:27:01+10:00,2010-08-09T17:25:57+10:00,2010-08-09T17:25:57+10:00,2010-08-09T17:26:17+10:00,2010-08-09T17:26:59+10:00,0,0,542,13.772
d77245350,48,2701,Passed,221,3.221,1,2010-08-10T10:25:19+10:00,2010-08-10T10:27:04+10:00,2010-08-10T10:25:26+10:00,2010-08-10T10:25:26+10:00,2010-08-10T10:26:16+10:00,2010-08-10T10:27:00+10:00,0,0,542,10.674
swannwebtest.auiag.corp,42,2706,Passed,222,3.222,1,2010-08-10T11:00:21+10:00,2010-08-10T11:01:29+10:00,2010-08-10T11:00:31+10:00,2010-08-10T11:00:31+10:00,2010-08-10T11:00:46+10:00,2010-08-10T11:01:26+10:00,0,0,542,13.518
swannwebtest.auiag.corp,40,2712,Passed,223,3.223,1,2010-08-10T13:33:23+10:00,2010-08-10T13:34:30+10:00,2010-08-10T13:33:33+10:00,2010-08-10T13:33:33+10:00,2010-08-10T13:33:49+10:00,2010-08-10T13:34:27+10:00,0,0,542,13.856
swannwebtest.auiag.corp,45,2720,Passed,224,3.224,1,2010-08-10T14:56:01+10:00,2010-08-10T14:57:11+10:00,2010-08-10T14:56:07+10:00,2010-08-10T14:56:07+10:00,2010-08-10T14:56:26+10:00,2010-08-10T14:57:09+10:00,0,0,542,13.898
swannwebtest.auiag.corp,48,2726,Passed,225,3.225,1,2010-08-10T16:09:02+10:00,2010-08-10T16:10:23+10:00,2010-08-10T16:09:12+10:00,2010-08-10T16:09:12+10:00,2010-08-10T16:09:34+10:00,2010-08-10T16:10:20+10:00,0,0,542,14.168
d77245350,39,2735,Passed,226,3.226,1,2010-08-11T14:06:29+10:00,2010-08-11T14:07:23+10:00,2010-08-11T14:06:36+10:00,2010-08-11T14:06:36+10:00,2010-08-11T14:06:44+10:00,2010-08-11T14:07:20+10:00,0,0,542,9.684
swannwebtest.auiag.corp,45,2740,Passed,227,3.227,1,2010-08-11T14:46:25+10:00,2010-08-11T14:47:34+10:00,2010-08-11T14:46:35+10:00,2010-08-11T14:46:35+10:00,2010-08-11T14:46:49+10:00,2010-08-11T14:47:31+10:00,0,0,542,14.312
d77245350,39,2746,Passed,228,3.228,1,2010-08-12T10:06:53+10:00,2010-08-12T10:07:49+10:00,2010-08-12T10:07:03+10:00,2010-08-12T10:07:03+10:00,2010-08-12T10:07:10+10:00,2010-08-12T10:07:39+10:00,0,0,542,9.500
swannwebtest.auiag.corp,45,2751,Passed,229,3.229,1,2010-08-12T10:24:39+10:00,2010-08-12T10:25:51+10:00,2010-08-12T10:24:49+10:00,2010-08-12T10:24:49+10:00,2010-08-12T10:25:05+10:00,2010-08-12T10:25:48+10:00,0,0,542,15.324
swannwebtest.auiag.corp,42,2755,Passed,230,3.230,1,2010-08-12T10:43:31+10:00,2010-08-12T10:44:39+10:00,2010-08-12T10:43:41+10:00,2010-08-12T10:43:41+10:00,2010-08-12T10:43:57+10:00,2010-08-12T10:44:37+10:00,0,0,542,13.702
swannwebtest.auiag.corp,43,2763,Passed,231,3.231,1,2010-08-12T14:19:32+10:00,2010-08-12T14:20:40+10:00,2010-08-12T14:19:43+10:00,2010-08-12T14:19:43+10:00,2010-08-12T14:19:56+10:00,2010-08-12T14:20:38+10:00,0,0,542,13.722
swannwebtest.auiag.corp,45,2768,Passed,232,3.232,1,2010-08-12T17:16:04+10:00,2010-08-12T17:17:14+10:00,2010-08-12T17:16:11+10:00,2010-08-12T17:16:11+10:00,2010-08-12T17:16:28+10:00,2010-08-12T17:17:11+10:00,0,0,542,13.542
swannwebtest.auiag.corp,49,2793,Passed,233,3.233,1,2010-08-13T13:41:30+10:00,2010-08-13T13:42:51+10:00,2010-08-13T13:41:39+10:00,2010-08-13T13:41:39+10:00,2010-08-13T13:42:02+10:00,2010-08-13T13:42:49+10:00,0,0,542,14.054
swannwebtest.auiag.corp,52,2801,Passed,234,3.234,1,2010-08-16T12:21:04+10:00,2010-08-16T12:22:25+10:00,2010-08-16T12:21:07+10:00,2010-08-16T12:21:07+10:00,2010-08-16T12:21:33+10:00,2010-08-16T12:22:23+10:00,0,0,542,14.134
swannwebtest.auiag.corp,46,2815,Passed,235,3.235,1,2010-08-17T10:34:55+10:00,2010-08-17T10:36:05+10:00,2010-08-17T10:35:05+10:00,2010-08-17T10:35:05+10:00,2010-08-17T10:35:19+10:00,2010-08-17T10:36:02+10:00,0,0,542,14.550
swannwebtest.auiag.corp,45,2838,Passed,236,3.236,1,2010-08-18T13:07:03+10:00,2010-08-18T13:08:16+10:00,2010-08-18T13:07:13+10:00,2010-08-18T13:07:14+10:00,2010-08-18T13:07:30+10:00,2010-08-18T13:08:13+10:00,0,0,542,15.612
d77245350,28,2849,Passed,237,3.237,1,2010-08-19T13:44:10+10:00,2010-08-19T13:44:55+10:00,2010-08-19T13:44:20+10:00,2010-08-19T13:44:20+10:00,2010-08-19T13:44:27+10:00,2010-08-19T13:44:53+10:00,0,0,542,9.310
d77245350,37,2858,Passed,238,3.238,1,2010-08-20T11:05:50+10:00,2010-08-20T11:07:10+10:00,2010-08-20T11:05:56+10:00,2010-08-20T11:05:56+10:00,2010-08-20T11:06:33+10:00,2010-08-20T11:07:08+10:00,0,0,542,10.340
d77245350,45,2876,Passed,239,3.239,1,2010-08-20T15:06:57+10:00,2010-08-20T15:08:23+10:00,2010-08-20T15:07:01+10:00,2010-08-20T15:07:01+10:00,2010-08-20T15:07:38+10:00,2010-08-20T15:08:22+10:00,0,0,542,9.450
swannwebtest.auiag.corp,56,2898,Passed,240,3.240,1,2010-08-23T15:13:33+10:00,2010-08-23T15:15:10+10:00,2010-08-23T15:13:42+10:00,2010-08-23T15:13:42+10:00,2010-08-23T15:14:14+10:00,2010-08-23T15:15:04+10:00,0,0,542,14.846
d77245350,50,2903,Passed,241,3.241,1,2010-08-23T16:13:48+10:00,2010-08-23T16:15:34+10:00,2010-08-23T16:13:58+10:00,2010-08-23T16:13:58+10:00,2010-08-23T16:14:44+10:00,2010-08-23T16:15:29+10:00,0,0,542,9.760
d77245350,42,2911,Passed,242,3.242,1,2010-08-24T13:09:56+10:00,2010-08-24T13:11:48+10:00,2010-08-24T13:10:03+10:00,2010-08-24T13:10:03+10:00,2010-08-24T13:11:06+10:00,2010-08-24T13:11:46+10:00,0,0,542,8.548
swannwebtest.auiag.corp,45,2915,Passed,243,3.243,1,2010-08-24T13:17:06+10:00,2010-08-24T13:18:59+10:00,2010-08-24T13:17:56+10:00,2010-08-24T13:17:56+10:00,2010-08-24T13:18:13+10:00,2010-08-24T13:18:58+10:00,0,0,542,14.614
swannwebtest.auiag.corp,43,2935,Passed,244,3.244,1,2010-08-25T17:11:07+10:00,2010-08-25T17:12:15+10:00,2010-08-25T17:11:17+10:00,2010-08-25T17:11:17+10:00,2010-08-25T17:11:32+10:00,2010-08-25T17:12:13+10:00,0,0,542,13.888
swannwebtest.auiag.corp,43,2943,Passed,245,3.245,1,2010-08-26T10:52:25+10:00,2010-08-26T10:53:35+10:00,2010-08-26T10:52:32+10:00,2010-08-26T10:52:32+10:00,2010-08-26T10:52:51+10:00,2010-08-26T10:53:33+10:00,0,0,542,13.672
swannwebtest.auiag.corp,46,2951,Passed,246,3.246,1,2010-08-26T11:49:32+10:00,2010-08-26T11:50:42+10:00,2010-08-26T11:49:38+10:00,2010-08-26T11:49:38+10:00,2010-08-26T11:49:56+10:00,2010-08-26T11:50:39+10:00,0,0,542,14.048
swannwebtest.auiag.corp,44,2956,Passed,247,3.247,1,2010-08-26T12:48:14+10:00,2010-08-26T12:49:18+10:00,2010-08-26T12:48:15+10:00,2010-08-26T12:48:15+10:00,2010-08-26T12:48:34+10:00,2010-08-26T12:49:16+10:00,0,0,542,13.960
d77245350,41,2972,Passed,248,3.248,1,2010-08-26T14:37:39+10:00,2010-08-26T14:38:35+10:00,2010-08-26T14:37:49+10:00,2010-08-26T14:37:49+10:00,2010-08-26T14:37:54+10:00,2010-08-26T14:38:28+10:00,0,0,542,14.016
swannwebtest.auiag.corp,46,2980,Passed,249,3.249,1,2010-08-26T17:01:01+10:00,2010-08-26T17:02:17+10:00,2010-08-26T17:01:11+10:00,2010-08-26T17:01:11+10:00,2010-08-26T17:01:31+10:00,2010-08-26T17:02:14+10:00,0,0,542,14.470
d77245350,39,2990,Passed,250,3.250,1,2010-08-27T13:39:09+10:00,2010-08-27T13:40:47+10:00,2010-08-27T13:39:18+10:00,2010-08-27T13:39:18+10:00,2010-08-27T13:40:08+10:00,2010-08-27T13:40:44+10:00,0,0,542,8.614
d77245350,170,2995,Passed,251,3.251,1,2010-08-27T14:31:23+10:00,2010-08-27T14:36:27+10:00,2010-08-27T14:31:28+10:00,2010-08-27T14:31:28+10:00,2010-08-27T14:33:36+10:00,2010-08-27T14:35:09+10:00,0,0,542,13.598
d77245350,30,3005,Passed,252,3.252,1,2010-08-27T16:15:18+10:00,2010-08-27T16:16:25+10:00,2010-08-27T16:15:28+10:00,2010-08-27T16:15:28+10:00,2010-08-27T16:15:55+10:00,2010-08-27T16:16:24+10:00,0,0,542,8.930
swannwebtest.auiag.corp,56,3017,Passed,253,3.253,1,2010-08-30T10:17:42+10:00,2010-08-30T10:19:03+10:00,2010-08-30T10:17:52+10:00,2010-08-30T10:17:53+10:00,2010-08-30T10:18:06+10:00,2010-08-30T10:18:55+10:00,0,0,542,16.340
d77245350,35,3023,Passed,254,3.254,1,2010-08-30T11:33:21+10:00,2010-08-30T11:34:53+10:00,2010-08-30T11:33:26+10:00,2010-08-30T11:33:26+10:00,2010-08-30T11:34:18+10:00,2010-08-30T11:34:49+10:00,0,0,542,8.874
swannwebtest.auiag.corp,50,3030,Passed,255,3.255,1,2010-08-30T14:36:28+10:00,2010-08-30T14:37:45+10:00,2010-08-30T14:36:38+10:00,2010-08-30T14:36:38+10:00,2010-08-30T14:36:54+10:00,2010-08-30T14:37:43+10:00,0,0,542,16.062
d77245350,42,3037,Passed,256,3.256,1,2010-08-30T15:38:21+10:00,2010-08-30T15:40:12+10:00,2010-08-30T15:38:28+10:00,2010-08-30T15:38:28+10:00,2010-08-30T15:39:30+10:00,2010-08-30T15:40:08+10:00,0,0,542,10.042
swannwebtest.auiag.corp,55,3043,Passed,257,3.257,1,2010-08-30T16:29:59+10:00,2010-08-30T16:31:21+10:00,2010-08-30T16:30:05+10:00,2010-08-30T16:30:05+10:00,2010-08-30T16:30:25+10:00,2010-08-30T16:31:18+10:00,0,0,542,16.634
swannwebtest.auiag.corp,48,3055,Passed,258,3.258,1,2010-08-31T10:44:28+10:00,2010-08-31T10:45:43+10:00,2010-08-31T10:44:38+10:00,2010-08-31T10:44:38+10:00,2010-08-31T10:44:54+10:00,2010-08-31T10:45:41+10:00,0,0,542,15.594
d77245350,45,3061,Passed,259,3.259,1,2010-08-31T11:54:22+10:00,2010-08-31T11:56:29+10:00,2010-08-31T11:54:27+10:00,2010-08-31T11:54:28+10:00,2010-08-31T11:55:44+10:00,2010-08-31T11:56:24+10:00,0,0,542,9.324
d77245350,41,3068,Passed,260,3.260,1,2010-08-31T14:29:37+10:00,2010-08-31T14:30:48+10:00,2010-08-31T14:29:47+10:00,2010-08-31T14:29:47+10:00,2010-08-31T14:30:07+10:00,2010-08-31T14:30:39+10:00,0,0,542,9.478